{
	"planets":{
		"sun" : {
			"x" : 0.0, 
			"y" : 0.0, 
			"vx": 0.0, 
			"vy": 0.0, 
			"m" : 1.988e30,  
			"R" : 255,  
			"G" : 255,  
			"B" : 0, 
			"r" : 6.957e8,
			"pr" : 50 
		},
		"earth" : {
			"x" : 1.391734353396533e11, 
			"y" : -0.571059040560652e11, 
			"vx": 10801.963811159256,  
			"vy": 27565.215006898345,  
			"m" : 5.972e24,  
			"R" : 0,  
			"G" : 0,  
			"B" : 255,
			"r" : 6.371e6,
			"pr" : 2500
		},
		"mars" : {
			"x" : 0.831483493435295e11,
			"y" : -1.914579540822006e11,
			"vx": 23637.912321314047, 
			"vy": 11429.021426712032,
			"m" : 6.4185e23,  
			"R" : 255,  
			"G" : 0,  
			"B" : 0,
			"r" : 3.3899e6,
			"pr" : 2500 
		},
		"venus" : {
			"x" : -4.666184828204109e10, 
			"y" : -9.793014564157066e10, 
			"vx": 3.137593354538766e4, 
			"vy": -1.521910639404947e4, 
			"m" : 4.8685e25,  
			"R" : 255,  
			"G" : 0,  
			"B" : 255, 
			"r" : 6.0518e6,
			"pr" : 2500 
		},
		"mercury" : {
			"x" : 4.691622470168644E+10, 
			"y" : 1.697841700672398E+10, 
			"vx": -2.603290734772638E+4, 
			"vy": 4.797372586694208E+4, 
			"m" : 3.302e23,  
			"R" : 255,  
			"G" : 0,  
			"B" : 255, 
			"r" : 2.44e6,
			"pr" : 3000
		},
		"neptune" : {
			"x" : 4.223255444234175E+12, 
			"y" : -1.496424779281588E+12, 
			"vx": 1.781238625245325E+03, 
			"vy": 5.143044974839391E+03, 
			"m" : 1.0241E26,  
			"R" : 255,  
			"G" : 0,  
			"B" : 255, 
			"r" : 2.4766e7,
			"pr" : 1000
		},
		"uranus" : {
			"x" : 2.767393256412390E+12, 
			"y" : 1.117231892558219E+12, 
			"vx": -2.596712386119689E+03, 
			"vy": 5.985198590799890E+03, 
			"m" : 8.68103E25,  
			"R" : 255,  
			"G" : 0,  
			"B" : 255, 
			"r" : 2.5559e7,
			"pr" : 1000
		},
		"saturn" : {
			"x" : -3.596008111078323E+11, 
			"y" : -1.457660355722258E+12, 
			"vx": 8.853834929507176E+03, 
			"vy": -2.352980594608253E+03, 
			"m" : 5.68319E26,  
			"R" : 255,  
			"G" : 0,  
			"B" : 255, 
			"r" : 6.0268e7,
			"pr" : 750
		},
		"jupiter" : {
			"x" : -8.142425410407021E+11, 
			"y" : -4.043974156108359E+10, 
			"vx": 4.927089045889333E2, 
			"vy": -1.244634587636874E+04, 
			"m" : 1.89813E27,  
			"R" : 255,  
			"G" : 0,  
			"B" : 255, 
			"r" : 7.1492e7,
			"pr" : 750
		}
	},
	"ship" : {
		"r":1.500000e6,
		"v0": 4000.0,
		"v_orb": 7120.0, 
		"m" : 2e5,  
		"R" : 0,  
		"G" : 255,  
		"B" : 0, 
		"rad" : 100.0 ,
		"pr" : 1.5e8
	},
	"dt": 100.0,
	"dt2": 43200.0,
	"tf": 315360000.0
}
