{
  "planets":{
    "earth" : {
      "x" : 1.391734353396533e11,
      "y" : -0.571059040560652e11,
      "vx": 10801.963811159256,
      "vy": 27565.215006898345,
      "m" : 5.972e24,
      "R" : 0,
      "G" : 0,
      "B" : 255,
      "r" : 6.371e6
    },
    "mars" : {
      "x" : 0.831483493435295e11,
      "y" : -1.914579540822006e11,
      "vx": 23637.912321314047,
      "vy": 11429.021426712032,
      "m" : 6.4185e23,
      "R" : 255,
      "G" : 0,
      "B" : 0,
      "r" : 3.3899e6
    },
    "sun" : {
      "x" : 0.0,
      "y" : 0.0,
      "vx": 0.0,
      "vy": 0.0,
      "m" : 1.988e30,
      "R" : 255,
      "G" : 255,
      "B" : 0,
      "r" : 6.957e8
    }
  },
  "ship" : {
    "r":1.500000e6,
    "v0": 3000.0,
    "v_orb": 7120.0,
    "m" : 2e5,
    "R" : 0,
    "G" : 255,
    "B" : 0,
    "rad" : 100.0
  },
  "dt": 100.0,
  "dt2": 43200.0,
  "tf": 788400.0
}