{
    "planets": [
        {
            "id": "0",
            "rx": 0.0,
            "ry": 0.0,
            "vx": 0.0,
            "vy": 0.0,
            "mass": 1.988544E+30,
            "radius": 695508.0
        },
        {
            "id": "3",
            "rx": 1.443669994119172E+08,
            "ry": -4.358104129621790E+07,
            "vx": 8.134726841544820E+00,
            "vy": 2.840376536175890E+01,
            "mass": 5.97219E+24,
            "radius": 6378.14
        },
        {
            "id": "5",
            "rx": 1.051803449030906E+08,
            "ry": 7.552752897348490E+08,
            "vx": -1.310827553298509E+01,
            "vy": 2.413213261673731E+00,
            "mass": 1898.13E+24,
            "radius": 71492.0
        },
        {
            "id": "6",
            "rx": -1.075922593297449E+09,
            "ry": 8.540975000330083E+08,
            "vx": -6.538402765705666E+00,
            "vy": -7.592714108900433E+00,
            "mass": 5.68319E+26,
            "radius": 60268.0
        }
    ],
    "voyager1": {
        "id": "100",
        "angle": 33.701541008510613125340064108836,
        "speed": 14.524306055873924752496961703009,
        "weight": 721.9
    },
    "deltaT": 30,
    "fpd": 30,
    "days": 1500
}
